<?xml version="1.0" encoding="windows-1251"?>

<project name="taskAnt" basedir="." default="main">

    <property name="src" location="src/by/training/jspTag/tags"/>
    <property name="buildSrc" location="build/classes"/>
    <property name="warDir" location="warFile"/>
    <property name="warName" value="taskJSPTag.war"/>
    <property name="webXml" location="web/WEB-INF/web.xml"/>
    <property name="web" location="web" />

    <macrodef name="buildProject">
        <attribute name="classesDir"/>
        <attribute name="warDir"/>
        <attribute name="nameWar"/>
        <attribute name="webXml"/>
        <attribute name="web"/>
        <element name="projectSrcDir"/>
        <sequential>
            <delete dir="build"/>
            <delete dir="@{warDir}"/>

            <mkdir dir="@{classesDir}"/>
            <mkdir dir="@{warDir}"/>

            <javac destdir="@{classesDir}">
                <src><projectSrcDir/></src>
                <classpath refid="classpath" />
            </javac>

            <war destfile="@{warDir}/@{nameWar}" webxml="@{webXml}">
                <classes dir="@{classesDir}" />
                <fileset dir="@{web}">
                    <exclude name="WEB-INF/web.xml"/>
                </fileset>
            </war>
        </sequential>
    </macrodef>

    <path id="classpath">
        <fileset dir="web/WEB-INF/lib">
            <include name="*.jar"/>
        </fileset>
    </path>

    <target name="build-project">
        <buildProject classesDir="${buildSrc}"
                      warDir="${warDir}"
                      nameWar="${warName}"
                      webXml="${webXml}"
                      web="${web}">
            <projectSrcDir>
                <dirset dir="${src}" />
            </projectSrcDir>
        </buildProject>
    </target>

    <target name="main" depends="build-project">
    </target>
</project>