<?xml version="1.0" encoding="UTF-8"?>
<project name="Buildfile Validator" basedir="." default="main">
    <property file="build.properties"/>

    <taskdef name="validator" classname="by.epamlab.anttask.validator.BuildFileValidator" classpath="${classesdir}/"/>

        <target name="validate-buildfile">
            <validator checkdepends="true" checkdefault="true" checknames="true">
                <buildfile path="build.xml"/>
                <buildfile path="buildfile-validator.xml"/>
            </validator>
        </target>

    <target name="main" depends="validate-buildfile">
    </target>

</project>